Ensembl_protein_ID,HGNC_Symbol,Log2(Protein Ratio),Ensembl_gene_ID,Log2(RNA ratio)_24 hrs,tpUTR_length,Number_of_tpUTR_miR-1_seedmatches ,CDS_Length,Number_of_CDS_miR-1_seedmatches,,,
ENSP00000229390,SFRS9,-0.4677,ENSG00000111786,-1.5238,500,1,666,0,,,
ENSP00000263238,ACTR3,-0.4454,ENSG00000115091,-0.1278,9268,2,1257,2,,,
ENSP00000345552,ADAR,-0.4324,ENSG00000160710,-1.5082,5663,4,3810,1,,,
ENSP00000353192,XRCC6,-0.4211,ENSG00000196419,-0.1469,222,0,1830,0,,,
ENSP00000283179,HNRPU,-0.3933,ENSG00000153187,0.0366,9668,3,2355,0,,,
ENSP00000211402,VARS2,-0.3930,ENSG00000096171,-0.1936,72,0,3795,1,,,
ENSP00000320866,CALR,-0.3921,ENSG00000179218,FAILED QC,1320,1,1254,0,,,
ENSP00000295561,DHX15,-0.3831,ENSG00000109606,-0.9527,158,0,2439,1,,,
ENSP00000291567,G6PD,-0.3679,ENSG00000160211,-1.1652,2500,4,1686,0,,,
ENSP00000344832,CAP1,-0.3665,ENSG00000131236,-1.4618,1114,3,1428,1,,,
ENSP00000308847,TPM3,-0.3652,ENSG00000143549,0.2196,8829,3,858,0,,,
ENSP00000329528,XRCC5,-0.3603,ENSG00000079246,-0.0605,1098,0,2199,2,,,
ENSP00000319281,BASP1,-0.3242,ENSG00000176788,FAILED QC,931,0,684,0,,,
ENSP00000223073,RBM28,-0.3232,ENSG00000106344,0.1214,413,0,2280,0,,,
ENSP00000252455,PRKCSH,-0.3214,ENSG00000130175,-0.2851,1552,1,1587,0,,,
ENSP00000278885,GANAB,-0.3195,ENSG00000089597,-0.2046,983,1,2901,2,,,
ENSP00000326980,N/A,-0.3070,ENSG00000179051,NOT MAPPED,2228,1,1569,0,,,
ENSP00000338934,VIL2,-0.3012,ENSG00000092820,0.0411,1165,1,1761,0,,,
ENSP00000262027,MARS,-0.3008,ENSG00000166986,-0.3106,71,0,2703,0,,,
ENSP00000309775,TAGLN2,-0.3003,ENSG00000117063,-1.7197,4713,5,600,0,,,
ENSP00000343040,HMGB1,-0.2901,ENSG00000189403,0.0236,2613,0,648,0,,,
ENSP00000257342,TPP2,-0.2845,ENSG00000134900,0.2306,854,0,3750,0,,,
ENSP00000286336,SEC22L1,-0.2778,ENSG00000155878,-0.7729,5929,2,531,1,,,
ENSP00000353467,FLNA,-0.2749,ENSG00000196924,-0.4748,412,0,7956,2,,,
ENSP00000296289,TKT,-0.2738,ENSG00000163931,FAILED QC,2622,1,1872,0,,,
ENSP00000319235,KRT17,-0.2737,ENSG00000186831,-0.7182,151,0,1299,0,,,
ENSP00000311028,RPS14,-0.2584,ENSG00000164587,FAILED QC,969,0,456,0,,,
ENSP00000325002,COPG,-0.2554,ENSG00000181789,-0.2013,643,0,2628,1,,,
ENSP00000344547,PTMA,-0.2520,ENSG00000187514,FAILED QC,656,1,408,0,,,
ENSP00000295956,FLNB,-0.2404,ENSG00000136068,-0.0302,1485,0,7809,4,,,
ENSP00000257116,YARS,-0.2386,ENSG00000134684,-0.0935,1202,0,1587,0,,,
ENSP00000262428,COTL1,-0.2385,ENSG00000103187,NOT MAPPED,1228,1,429,0,,,
ENSP00000225655,PFN1,-0.2383,ENSG00000108518,-0.1764,243,0,423,0,,,
ENSP00000267918,ANP32A,-0.2373,ENSG00000140350,0.0070,1543,1,744,0,,,
ENSP00000205832,FH,-0.2342,ENSG00000091483,FAILED QC,270,0,1533,0,,,
ENSP00000263167,PHGDH,-0.2334,ENSG00000092621,-0.2823,172,0,1602,0,,,
ENSP00000321259,TALDO1,-0.2317,ENSG00000177156,FAILED QC,164,0,1014,0,,,
ENSP00000303351,ITGB1,-0.2312,ENSG00000150093,-0.0622,4029,0,2460,1,,,
ENSP00000257497,ANXA1,-0.2284,ENSG00000135046,-0.0421,283,0,1041,0,,,
ENSP00000259332,TXN,-0.2271,ENSG00000136810,-0.3518,346,0,318,2,,,
ENSP00000316029,N/A,-0.2253,ENSG00000137076,-0.1125,841,0,7671,2,,,
ENSP00000349183,N/A,-0.2200,ENSG00000196924,-0.4748,N/A,0,N/A,N/A,,,
ENSP00000277829,N/A,-0.2181,ENSG00000035403,-0.2548,1776,0,3405,1,,,
ENSP00000014112,PTBP1,-0.2111,ENSG00000011304,-0.6825,1485,2,1653,1,,,
ENSP00000272227,PDIA6,-0.2087,ENSG00000143870,-0.0701,865,0,1323,1,,,
ENSP00000304229,HINT1,-0.2080,ENSG00000169567,0.0051,155,0,381,0,,,
ENSP00000326261,SRRM1,-0.2078,ENSG00000133226,-0.2753,975,0,2715,2,,,
ENSP00000277865,GLUD1,-0.2073,ENSG00000148672,-0.1318,1261,0,1677,0,,,
ENSP00000345848,ANP32B,-0.2064,ENSG00000136938,-0.3279,1662,1,756,0,,,
ENSP00000342374,SNRPD2,-0.2055,ENSG00000125743,0.0274,92,0,357,0,,,
ENSP00000226734,RPL34,-0.2048,ENSG00000109475,-0.0509,5220,1,354,0,,,
ENSP00000259925,TUBB,-0.2020,ENSG00000137379,-0.4107,1018,1,1335,0,,,
ENSP00000346039,RPL23,-0.2017,ENSG00000125691,FAILED QC,2264,0,423,0,,,
ENSP00000347380,N/A,-0.1995,ENSG00000135316,-0.0060,5278,3,1872,0,,,
ENSP00000300289,N/A,-0.1965,ENSG00000167004,-0.1822,318,0,1518,0,,,
ENSP00000349123,BXDC1,-0.1961,ENSG00000197498,0.4475,2679,1,921,0,,,
ENSP00000339027,RPLP0,-0.1928,ENSG00000089157,FAILED QC,66,0,954,0,,,
ENSP00000343111,NOL5A,-0.1918,ENSG00000101361,-0.0501,68,0,1785,0,,,
ENSP00000348640,ANXA2,-0.1897,ENSG00000182718,-0.7268,2142,1,1074,0,,,
ENSP00000279259,FAU,-0.1882,ENSG00000149806,FAILED QC,50,0,402,0,,,
ENSP00000254193,SNRPA1,-0.1838,ENSG00000131876,FAILED QC,N/A,N/A,768,0,,,
ENSP00000277070,PSAT1,-0.1827,ENSG00000135069,-0.8649,975,1,1113,1,,,
ENSP00000248553,HSPB1,-0.1817,ENSG00000106211,-0.1385,985,0,618,0,,,
ENSP00000347969,RPL23A,-0.1807,ENSG00000198242,0.0705,442,1,471,0,,,
ENSP00000347020,TXNRD1,-0.1804,ENSG00000198431,0.0439,11699,3,1500,0,,,
ENSP00000340158,UBE1,-0.1801,ENSG00000130985,-0.2258,242,0,3177,2,,,
ENSP00000275995,MSN,-0.1781,ENSG00000147065,-0.2256,2036,0,1734,0,,,
ENSP00000340815,SLC3A2,-0.1779,ENSG00000168003,0.1219,164,0,1590,0,,,
ENSP00000246069,DSTN,-0.1777,ENSG00000125868,-0.0843,3593,1,498,0,,,
ENSP00000299767,TRA1,-0.1758,ENSG00000166598,0.1524,6618,5,2412,0,,,
ENSP00000292644,PSMC2,-0.1749,ENSG00000161057,-0.0016,1339,0,1302,1,,,
ENSP00000344848,N/A,-0.1736,ENSG00000178209,0.0185,1024,0,14055,2,,,
ENSP00000354047,IARS,-0.1732,ENSG00000196305,-0.1863,464,0,3789,1,,,
ENSP00000216605,MTHFD1,-0.1722,ENSG00000100714,-0.1111,1700,0,2808,2,,,
ENSP00000343224,ASNS,-0.1712,ENSG00000070669,-0.1710,128,0,1686,1,,,
ENSP00000327801,P4HB,-0.1701,ENSG00000185624,-0.3170,542,0,1527,0,,,
ENSP00000338508,EEF1B2,-0.1685,ENSG00000114942,-0.3273,N/A,N/A,678,0,,,
ENSP00000265335,RAD50,-0.1682,ENSG00000113522,0.0892,2255,1,3936,0,,,
ENSP00000264279,N/A,-0.1680,ENSG00000055044,0.2472,222,0,1590,0,,,
ENSP00000351205,S100A4,-0.1665,ENSG00000196154,-0.2024,138,0,306,0,,,
ENSP00000346050,RPS3A,-0.1664,ENSG00000145425,0.1195,2546,0,795,0,,,
ENSP00000313778,NAP1L1,-0.1663,ENSG00000187109,-0.8831,3683,3,1176,0,,,
ENSP00000301396,N/A,-0.1635,ENSG00000141456,NOT MAPPED,1451,0,3819,1,,,
ENSP00000319788,NQO1,-0.1630,ENSG00000181019,-0.3615,7069,1,825,0,,,
ENSP00000221413,RUVBL2,-0.1621,ENSG00000183207,-0.1262,140,0,1257,0,,,
ENSP00000351200,MYH9,-0.1616,ENSG00000100345,-0.2676,1387,0,5883,1,,,
ENSP00000340019,HSPD1,-0.1564,ENSG00000144381,FAILED QC,4943,1,1728,1,,,
ENSP00000313007,PABPC1,-0.1493,ENSG00000070756,-0.1988,8689,2,1911,1,,,
ENSP00000253792,ACLY,-0.1483,ENSG00000131473,-0.1030,891,0,3306,0,,,
ENSP00000253363,RNPC2,-0.1437,ENSG00000131051,0.2410,870,0,1593,0,,,
ENSP00000218265,PGK1,-0.1413,ENSG00000102144,-0.1029,2432,2,1254,0,,,
ENSP00000297258,FABP5,-0.1402,ENSG00000164687,0.4407,574,0,408,0,,,
ENSP00000259043,SFRS10,-0.1386,ENSG00000136527,-0.1311,4641,3,867,0,,,
ENSP00000265959,HSPA5,-0.1355,ENSG00000044574,-0.1632,1737,0,1965,0,,,
ENSP00000202773,RPL6,-0.1338,ENSG00000089009,FAILED QC,N/A,N/A,867,0,,,
ENSP00000346031,RPS2,-0.1327,ENSG00000140988,FAILED QC,277,0,882,0,,,
ENSP00000260985,IDH1,-0.1324,ENSG00000138413,0.1114,849,0,1245,0,,,
ENSP00000312446,NME2,-0.1324,ENSG00000121054,FAILED QC,8754,5,459,0,,,
ENSP00000270776,PGD,-0.1321,ENSG00000142657,-0.5911,760,1,1452,3,,,
ENSP00000322419,RPLP2,-0.1317,ENSG00000177600,-0.2400,37,0,348,0,,,
ENSP00000258737,RAC1,-0.1315,ENSG00000136238,0.0565,1557,0,636,0,,,
ENSP00000310129,PSMD2,-0.1312,ENSG00000175166,-0.1930,314,0,2727,1,,,
ENSP00000274596,N/A,-0.1307,ENSG00000145907,-0.4645,7495,2,1401,0,,,
ENSP00000233114,MDH1,-0.1307,ENSG00000014641,0.2466,206,0,1005,2,,,
ENSP00000304668,HARS,-0.1294,ENSG00000170445,0.0552,351,0,1530,0,,,
ENSP00000354989,CCAR1,-0.1292,ENSG00000060339,0.1683,283,0,3453,0,,,
ENSP00000271308,PSMA5,-0.1277,ENSG00000143106,0.0199,1728,0,726,0,,,
ENSP00000354346,MATR3,-0.1275,ENSG00000015479,-0.4971,2274,1,2544,1,,,
ENSP00000340366,RPL7A,-0.1262,ENSG00000148303,FAILED QC,58,0,801,0,,,
ENSP00000307387,PDCD6IP,-0.1257,ENSG00000170248,-0.0430,3176,1,2607,0,,,
ENSP00000346022,RPL9,-0.1250,ENSG00000163682,FAILED QC,416,0,579,1,,,
ENSP00000313819,RPL5,-0.1243,ENSG00000122406,FAILED QC,53,0,894,0,,,
ENSP00000330165,RPL35A,-0.1238,ENSG00000182899,0.0442,835,1,333,0,,,
ENSP00000264203,N/A,-0.1235,ENSG00000077549,-0.2693,754,0,897,0,,,
ENSP00000299300,CCT2,-0.1213,ENSG00000166226,FAILED QC,243,0,1608,0,,,
ENSP00000296255,RPN1,-0.1205,ENSG00000163902,-0.2454,827,0,1824,0,,,
ENSP00000300026,PPIB,-0.1196,ENSG00000166794,-0.7271,312,1,651,0,,,
ENSP00000248975,YWHAH,-0.1184,ENSG00000128245,0.0787,809,0,741,0,,,
ENSP00000265866,HNRPH3,-0.1173,ENSG00000096746,0.1244,1137,0,1041,0,,,
ENSP00000261772,AARS,-0.1173,ENSG00000090861,-0.3513,423,0,2907,2,,,
ENSP00000302894,HNRPA3,-0.1138,ENSG00000170144,-1.0336,4658,2,1137,0,,,
ENSP00000264933,PDCD6,-0.1131,ENSG00000063438,0.4095,458,0,2160,1,,,
ENSP00000229270,N/A,-0.1130,ENSG00000111669,-0.0636,557,0,750,0,,,
ENSP00000262584,RPL8,-0.1129,ENSG00000161016,FAILED QC,243,0,774,0,,,
ENSP00000244934,AHNAK,-0.1125,ENSG00000124942,0.9282,841,0,8886,1,,,
ENSP00000217347,MAPRE1,-0.1124,ENSG00000101367,-0.1144,8407,2,807,0,,,
ENSP00000228140,RPS13,-0.1123,ENSG00000110700,0.1600,7707,3,456,0,,,
ENSP00000238081,YWHAQ,-0.1123,ENSG00000134308,-1.1060,7709,3,738,0,,,
ENSP00000013034,NME1,-0.1115,ENSG00000011052,-0.0948,472,0,534,0,,,
ENSP00000302961,HSPA4,-0.1103,ENSG00000170606,0.4546,7066,2,2523,0,,,
ENSP00000300161,YWHAB,-0.1101,ENSG00000166913,-0.0276,2274,1,741,0,,,
ENSP00000216297,SUPT16H,-0.1096,ENSG00000092201,-0.1853,1171,0,3144,1,,,
ENSP00000009589,RPS20,-0.1096,ENSG00000008988,FAILED QC,281,0,360,0,,,
ENSP00000296674,RPS23,-0.1090,ENSG00000186468,FAILED QC,8823,1,432,0,,,
ENSP00000193403,ACTN1,-0.1089,ENSG00000072110,-0.0684,730,0,2679,1,,,
ENSP00000343873,NNT,-0.1086,ENSG00000112992,0.1391,2999,1,3261,0,,,
ENSP00000331817,THOC4,-0.1080,ENSG00000183684,-0.3005,N/A,N/A,774,0,,,
ENSP00000353375,N/A,-0.1070,ENSG00000047849,NOT MAPPED,2238,1,3249,0,,,
ENSP00000264202,CAPZB,-0.1066,ENSG00000077549,-0.2693,N/A,N/A,N/A,N/A,,,
ENSP00000252699,ACTN4,-0.1066,ENSG00000130402,-0.0367,1097,1,2736,0,,,
ENSP00000253811,DIAPH1,-0.1040,ENSG00000131504,-0.2050,5278,2,3765,3,,,
ENSP00000331901,EEF1G,-0.1040,ENSG00000186676,-0.0591,308,0,1314,0,,,
ENSP00000309629,CFL1,-0.1022,ENSG00000172757,-0.2214,582,1,501,0,,,
ENSP00000215909,LGALS1,-0.1019,ENSG00000100097,-0.3587,50,0,408,0,,,
ENSP00000300408,PHB,-0.1014,ENSG00000167085,0.0188,939,0,819,0,,,
ENSP00000345111,ELAVL1,-0.1009,ENSG00000066044,0.3562,4903,0,981,0,,,
ENSP00000341826,HNRPA1,-0.1008,ENSG00000135486,FAILED QC,2772,1,1119,0,,,
ENSP00000211475,CLIC1,-0.1003,ENSG00000096238,-0.1564,259,0,726,1,,,
ENSP00000304592,FASN,-0.0986,ENSG00000169710,-0.0939,804,0,7536,1,,,
ENSP00000313272,NOL1,-0.0982,ENSG00000111641,0.1041,N/A,N/A,2568,0,,,
ENSP00000263145,PFKP,-0.0980,ENSG00000067057,0.0678,271,0,2355,0,,,
ENSP00000245206,GOT2,-0.0964,ENSG00000125166,0.1393,1038,0,1293,0,,,
ENSP00000311430,RPL4,-0.0954,ENSG00000174444,FAILED QC,512,0,1284,0,,,
ENSP00000234677,SARS,-0.0950,ENSG00000031698,0.0761,1056,0,1545,1,,,
ENSP00000339729,FSCN1,-0.0944,ENSG00000075618,-0.0813,1868,0,1482,0,,,
ENSP00000355071,RPL12,-0.0936,ENSG00000197958,0.0211,1468,3,600,0,,,
ENSP00000231572,RARS,-0.0932,ENSG00000113643,0.4075,107,0,1983,0,,,
ENSP00000302886,PA2G4,-0.0925,ENSG00000170515,0.2134,1016,0,1185,0,,,
ENSP00000166345,N/A,-0.0924,ENSG00000071539,NOT MAPPED,939,0,1299,1,,,
ENSP00000264293,THRAP3,-0.0895,ENSG00000054118,-0.0333,1336,0,2868,0,,,
ENSP00000252542,SAFB2,-0.0889,ENSG00000130254,-0.2308,4141,4,2862,1,,,
ENSP00000265112,TARS,-0.0884,ENSG00000113407,0.0205,352,0,2172,1,,,
ENSP00000278823,MTA2,-0.0879,ENSG00000149480,-0.1613,660,0,2007,1,,,
ENSP00000305790,SF3B3,-0.0877,ENSG00000189091,0.0247,155,0,3654,2,,,
ENSP00000233893,HSPE1,-0.0867,ENSG00000115541,FAILED QC,3495,2,309,0,,,
ENSP00000343390,SERPINH1,-0.0861,ENSG00000149257,-0.1261,698,0,1257,0,,,
ENSP00000345739,DNMT1,-0.0859,ENSG00000130816,-0.0391,490,0,4899,0,,,
ENSP00000338840,DNAJA1,-0.0858,ENSG00000086061,0.0870,519,0,1194,1,,,
ENSP00000284670,BUB3,-0.0849,ENSG00000154473,0.0549,4112,0,987,0,,,
ENSP00000244437,SFRS3,-0.0845,ENSG00000112081,0.1215,2476,1,495,0,,,
ENSP00000247461,CANX,-0.0842,ENSG00000127022,-0.1527,2280,0,1779,0,,,
ENSP00000287038,RPL30,-0.0834,ENSG00000156482,FAILED QC,75,0,348,0,,,
ENSP00000204732,PABPC4,-0.0824,ENSG00000090621,0.1734,878,0,1935,0,,,
ENSP00000225792,DDX5,-0.0822,ENSG00000108654,-0.0075,1668,1,1845,1,,,
ENSP00000311747,RBM14,-0.0819,ENSG00000173959,-0.1767,671,0,2010,1,,,
ENSP00000327054,LMNB2,-0.0813,ENSG00000176619,0.2663,2744,0,1803,0,,,
ENSP00000348965,DNCH1,-0.0812,ENSG00000197102,-0.1158,367,N/A,13947,5,,,
ENSP00000346746,N/A,-0.0811,ENSG00000089280,0.3280,5213,0,1581,0,,,
ENSP00000236959,ATIC,-0.0808,ENSG00000138363,0.1261,107,0,1779,0,,,
ENSP00000238274,SET,-0.0807,ENSG00000119335,-0.0495,1719,0,873,0,,,
ENSP00000345919,N/A,-0.0804,ENSG00000180198,0.0227,1188,1,1266,1,,,
ENSP00000084795,RPL18,-0.0791,ENSG00000063177,-0.1311,40,0,567,0,,,
ENSP00000158302,ACTB,-0.0790,ENSG00000075624,-0.5202,781,1,1128,0,,,
ENSP00000334983,PKM2,-0.0775,ENSG00000067225,-0.1704,618,0,1593,1,,,
ENSP00000252543,RPL36,-0.0772,ENSG00000130255,-0.1342,250,0,318,0,,,
ENSP00000236251,PRDX6,-0.0772,ENSG00000117592,FAILED QC,1352,0,675,0,,,
ENSP00000271011,N/A,-0.0760,ENSG00000142864,FAILED QC,5395,0,1227,1,,,
ENSP00000271939,ILF2,-0.0760,ENSG00000143621,-0.1003,608,2,1215,1,,,
ENSP00000270799,RPL11,-0.0756,ENSG00000142676,0.0195,9248,3,537,0,,,
ENSP00000234420,MSH6,-0.0754,ENSG00000116062,0.2336,91,0,4083,0,,,
ENSP00000196371,OXCT1,-0.0753,ENSG00000083720,-0.2061,1663,2,1563,0,,,
ENSP00000278752,HYOU1,-0.0745,ENSG00000149428,-0.3075,1405,1,3000,1,,,
ENSP00000278572,RPS3,-0.0735,ENSG00000149273,FAILED QC,1138,0,732,0,,,
ENSP00000234590,ENO1,-0.0734,ENSG00000074800,-0.1233,1046,0,1305,0,,,
ENSP00000233836,CCT4,-0.0726,ENSG00000115484,FAILED QC,262,0,1620,2,,,
ENSP00000330074,HIST1H1B,-0.0726,ENSG00000184357,-0.2235,N/A,N/A,681,0,,,
ENSP00000318297,RUVBL1,-0.0725,ENSG00000175792,-0.1763,1525,0,1371,0,,,
ENSP00000340989,SFN,-0.0720,ENSG00000175793,-0.4321,496,0,747,0,,,
ENSP00000331514,ACTG1,-0.0719,ENSG00000184009,FAILED QC,874,0,1128,0,,,
ENSP00000346067,RPSA,-0.0712,ENSG00000168028,0.4981,170,0,888,0,,,
ENSP00000261574,RANBP5,-0.0711,ENSG00000065150,0.0270,2504,0,3354,2,,,
ENSP00000292123,SAFB,-0.0708,ENSG00000160633,0.4023,185,0,2748,0,,,
ENSP00000307889,RPL13,-0.0703,ENSG00000167526,FAILED QC,4806,1,636,0,,,
ENSP00000293308,KRT8,-0.0700,ENSG00000170421,-0.1462,193,0,1452,0,,,
ENSP00000295598,ATP1A1,-0.0697,ENSG00000163399,-0.4556,5809,0,3072,2,,,
ENSP00000285873,GEMIN5,-0.0693,ENSG00000082516,0.2516,771,0,4527,1,,,
ENSP00000265100,RPL26L1,-0.0683,ENSG00000037241,-0.0432,6740,1,438,0,,,
ENSP00000296464,HSPA4L,-0.0668,ENSG00000164070,0.1495,7849,2,2520,0,,,
ENSP00000276230,RBMX,-0.0667,ENSG00000147274,0.4640,4898,2,1176,1,,,
ENSP00000330559,HIST1H2BL,-0.0666,ENSG00000185130,-0.1574,2942,0,381,0,,,
ENSP00000333277,HIST2H3C,-0.0664,ENSG00000183598,NOT MAPPED,N/A,N/A,411,0,,,
ENSP00000346012,RPL36AL,-0.0650,ENSG00000165502,0.0835,93,0,321,0,,,
ENSP00000230050,RPS12,-0.0650,ENSG00000112306,FAILED QC,2665,2,399,0,,,
ENSP00000261366,LMNB1,-0.0648,ENSG00000113368,0.6858,754,0,1761,1,,,
ENSP00000233072,CPS1,-0.0644,ENSG00000021826,0.1397,1119,2,4503,1,,,
ENSP00000340278,PARK7,-0.0642,ENSG00000116288,FAILED QC,287,0,570,0,,,
ENSP00000332874,N/A,-0.0638,ENSG00000185637,NOT MAPPED,219,0,1389,0,,,
ENSP00000321584,IMPDH2,-0.0637,ENSG00000178035,-0.0001,52,0,1545,0,,,
ENSP00000290158,KPNB1,-0.0619,ENSG00000108424,0.0579,3098,4,2631,1,,,
ENSP00000349868,N/A,-0.0616,ENSG00000178209,0.0185,N/A,N/A,N/A,N/A,,,
ENSP00000241704,COPA,-0.0601,ENSG00000122218,-0.1034,883,1,3675,0,,,
ENSP00000211372,RPS18,-0.0599,ENSG00000096150,-0.0612,N/A,N/A,459,0,,,
ENSP00000243563,SNRPA,-0.0597,ENSG00000077312,-0.1280,219,0,849,0,,,
ENSP00000323737,EIF4G1,-0.0591,ENSG00000114867,0.0482,442,0,4803,0,,,
ENSP00000259146,EPRS,-0.0582,ENSG00000136628,-0.0474,498,0,4539,1,,,
ENSP00000354125,N/A,-0.0581,ENSG00000106263,0.6233,1242,0,2445,2,,,
ENSP00000217426,AHCY,-0.0576,ENSG00000101444,-0.1967,764,0,1299,1,,,
ENSP00000346046,RPS17,-0.0575,ENSG00000182774,FAILED QC,N/A,N/A,408,0,,,
ENSP00000253004,ASS,-0.0575,ENSG00000130707,-0.2254,1302,0,1239,0,,,
ENSP00000336417,HIST2H2BE,-0.0574,ENSG00000184678,0.3132,1798,0,381,0,,,
ENSP00000313420,PRKDC,-0.0572,ENSG00000121031,-0.0052,9493,3,12384,2,,,
ENSP00000262030,ATP5B,-0.0564,ENSG00000110955,-0.1352,144,0,1590,1,,,
ENSP00000350720,N/A,-0.0559,ENSG00000127616,0.0756,20710,7,5040,0,,,
ENSP00000305958,STIP1,-0.0537,ENSG00000168439,0.0254,413,0,1773,0,,,
ENSP00000222247,RPL18A,-0.0534,ENSG00000105640,0.0163,N/A,N/A,531,0,,,
ENSP00000316042,HNRPA0,-0.0533,ENSG00000177733,0.0868,2714,1,918,0,,,
ENSP00000271105,RPS8,-0.0525,ENSG00000142937,0.1534,439,0,627,0,,,
ENSP00000195419,XPO1,-0.0524,ENSG00000082898,0.5153,7365,2,3213,1,,,
ENSP00000263398,N/A,-0.0523,ENSG00000026508,NOT MAPPED,3056,0,2229,1,,,
ENSP00000353552,N/A,-0.0520,ENSG00000165119,0.0067,2142,1,1395,1,,,
ENSP00000253127,DKC1,-0.0519,ENSG00000130826,0.2385,813,0,1545,0,,,
ENSP00000270625,RPS11,-0.0512,ENSG00000142534,FAILED QC,76,1,477,0,,,
ENSP00000022615,VDAC3,-0.0507,ENSG00000078668,-0.2944,473,0,852,0,,,
ENSP00000291576,PWP2H,-0.0503,ENSG00000160220,FAILED QC,1145,0,2760,0,,,
ENSP00000254983,PCNA,-0.0495,ENSG00000132646,0.0071,322,0,786,0,,,
ENSP00000324804,PPP2R1A,-0.0494,ENSG00000105568,-0.0403,435,0,1770,0,,,
ENSP00000346311,SMARCC1,-0.0489,ENSG00000173473,-0.0954,3155,4,3318,1,,,
ENSP00000341289,N/A,-0.0480,ENSG00000188229,-0.2436,241,1,1338,0,,,
ENSP00000289290,PLS3,-0.0473,ENSG00000102024,FAILED QC,1295,0,1893,0,,,
ENSP00000339795,RPL7,-0.0470,ENSG00000147604,FAILED QC,N/A,N/A,747,0,,,
ENSP00000262105,MCM4,-0.0466,ENSG00000104738,0.2041,1144,0,2592,0,,,
ENSP00000216218,ST13,-0.0465,ENSG00000100380,0.0279,3664,0,1110,0,,,
ENSP00000250241,N/A,-0.0462,ENSG00000129351,-0.0083,1297,0,2685,0,,,
ENSP00000342056,CS,-0.0451,ENSG00000062485,-0.0922,1385,0,1401,0,,,
ENSP00000309503,YWHAZ,-0.0449,ENSG00000164924,-0.8064,7442,3,738,0,,,
ENSP00000264670,NSUN2,-0.0444,ENSG00000037474,0.2852,686,0,2304,1,,,
ENSP00000001008,FKBP4,-0.0436,ENSG00000004478,0.1797,2160,1,1380,1,,,
ENSP00000322542,GTF2I,-0.0433,ENSG00000077809,-0.0538,1851,0,2997,4,,,
ENSP00000285930,AKR1B1,-0.0431,ENSG00000085662,-0.3370,939,0,951,0,,,
ENSP00000265397,HNRPA2B1,-0.0429,ENSG00000122566,0.2827,2588,2,1062,0,,,
ENSP00000353046,N/A,-0.0428,ENSG00000196504,0.1197,1945,0,2874,0,,,
ENSP00000348240,PPIA,-0.0425,ENSG00000196262,-0.4368,1693,1,498,0,,,
ENSP00000329527,SF3A3,-0.0414,ENSG00000183431,0.1151,1204,0,1506,1,,,
ENSP00000280326,CCT5,-0.0409,ENSG00000150753,FAILED QC,1604,0,1626,0,,,
ENSP00000332604,EIF3S8,-0.0406,ENSG00000184110,-0.1139,82,0,2742,0,,,
ENSP00000262306,TCEB2,-0.0406,ENSG00000103363,-0.2087,57,0,471,0,,,
ENSP00000253039,EIF2S3,-0.0406,ENSG00000130741,-0.0392,4789,1,1419,1,,,
ENSP00000237531,RPN2,-0.0403,ENSG00000118705,-0.1853,N/A,N/A,1896,0,,,
ENSP00000278412,SSRP1,-0.0393,ENSG00000149136,-0.2167,416,0,2130,0,,,
ENSP00000322396,RRS1,-0.0393,ENSG00000179041,-0.0306,489,0,1098,0,,,
ENSP00000351067,PGAM1,-0.0383,ENSG00000198191,FAILED QC,275,0,765,0,,,
ENSP00000221419,HNRPL,-0.0382,ENSG00000104824,-0.1260,324,0,1680,0,,,
ENSP00000352228,N/A,-0.0381,ENSG00000197111,-0.1528,807,0,1101,3,,,
ENSP00000332455,KPNA2,-0.0379,ENSG00000182481,0.1444,N/A,N/A,1590,1,,,
ENSP00000275603,CCT6A,-0.0368,ENSG00000146731,0.0968,903,0,1596,0,,,
ENSP00000268379,UQCRC2,-0.0365,ENSG00000140740,-0.1341,487,0,1362,0,,,
ENSP00000228251,CSDA,-0.0351,ENSG00000060138,0.2235,2198,0,1119,0,,,
ENSP00000349212,NACA,-0.0347,ENSG00000196531,FAILED QC,81,0,648,0,,,
ENSP00000239585,TCP1,-0.0338,ENSG00000120438,0.2252,546,0,1671,0,,,
ENSP00000282050,ATP5A1,-0.0333,ENSG00000152234,FAILED QC,4032,0,1662,2,,,
ENSP00000246071,SNRPB2,-0.0332,ENSG00000125870,0.0552,1012,0,678,0,,,
ENSP00000260956,SSB,-0.0329,ENSG00000138385,0.1122,302,0,1227,0,,,
ENSP00000295688,CCT3,-0.0317,ENSG00000163468,FAILED QC,3854,0,1635,1,,,
ENSP00000240185,TARDBP,-0.0316,ENSG00000120948,-0.2377,3035,0,1245,0,,,
ENSP00000318861,SF3B2,-0.0310,ENSG00000087365,FAILED QC,165,0,2616,0,,,
ENSP00000298001,VCP,-0.0308,ENSG00000165280,-0.2846,1207,0,2421,0,,,
ENSP00000355292,N/A,-0.0307,ENSG00000160789,-0.0401,4818,0,1995,0,,,
ENSP00000254675,RAN,-0.0304,ENSG00000132341,0.0875,1750,2,651,0,,,
ENSP00000327074,GPI,-0.0298,ENSG00000105220,-0.3783,697,0,1677,0,,,
ENSP00000355258,RPL10A,-0.0298,ENSG00000198755,-0.0953,293,0,654,0,,,
ENSP00000317687,N/A,-0.0286,ENSG00000180817,NOT MAPPED,317,0,870,0,,,
ENSP00000264335,YWHAE,-0.0285,ENSG00000108953,-0.1807,960,0,768,1,,,
ENSP00000263764,NUP160,-0.0284,ENSG00000030066,0.1203,985,0,3948,0,,,
ENSP00000258091,CCT7,-0.0282,ENSG00000135624,-0.0466,142,0,1629,0,,,
ENSP00000324452,ACTA1,-0.0277,ENSG00000143632,-0.2985,251,0,1134,0,,,
ENSP00000352322,RPS4X,-0.0262,ENSG00000198034,0.1471,2520,1,792,0,,,
ENSP00000296930,NPM1,-0.0258,ENSG00000181163,FAILED QC,317,0,885,0,,,
ENSP00000274562,LARS,-0.0254,ENSG00000133706,-0.2495,1853,0,3531,0,,,
ENSP00000353224,TFRC,-0.0249,ENSG00000072274,0.1265,2657,1,2283,0,,,
ENSP00000274514,DDX46,-0.0247,ENSG00000145833,0.0171,2412,1,3102,0,,,
ENSP00000327070,MDH2,-0.0240,ENSG00000146701,-0.1544,8620,1,1017,0,,,
ENSP00000305556,PCBP1,-0.0235,ENSG00000169564,-0.0488,385,0,1071,2,,,
ENSP00000264258,RPL31,-0.0233,ENSG00000071082,FAILED QC,8596,4,378,0,,,
ENSP00000329390,N/A,-0.0226,ENSG00000096384,FAILED QC,56,0,2211,0,,,
ENSP00000011619,RANBP9,-0.0225,ENSG00000010017,0.0862,861,0,2190,0,,,
ENSP00000354522,TOP1,-0.0224,ENSG00000198900,0.2757,1161,0,2298,0,,,
ENSP00000226253,ALDOC,-0.0223,ENSG00000109107,-0.3125,405,0,1095,0,,,
ENSP00000269122,CLTC,-0.0222,ENSG00000141367,-0.0083,2522,3,5028,0,,,
ENSP00000272146,PARP1,-0.0221,ENSG00000143799,0.0250,2612,1,3045,0,,,
ENSP00000227157,LDHA,-0.0220,ENSG00000134333,-0.1309,1142,0,999,1,,,
ENSP00000295943,DCAMKL3,-0.0219,ENSG00000163673,NOT MAPPED,402,0,1827,1,,,
ENSP00000344876,VDAC2,-0.0219,ENSG00000165637,0.0440,172,0,1041,0,,,
ENSP00000221801,FBL,-0.0217,ENSG00000105202,-0.1731,80,0,966,1,,,
ENSP00000304405,HNRPR,-0.0213,ENSG00000125944,-0.0433,9300,2,1902,1,,,
ENSP00000318195 ,NCL,-0.0209,ENSG00000115053,FAILED QC,1659,1,2133,0,,,
ENSP00000265333,VDAC1,-0.0208,ENSG00000073905,0.0643,855,0,852,0,,,
ENSP00000336799,N/A,-0.0206,ENSG00000123416,FAILED QC,172,1,1356,0,,,
ENSP00000266122,BAT1,-0.0200,ENSG00000198563,-0.0043,213,0,1287,0,,,
ENSP00000229319,LDHB,-0.0197,ENSG00000111716,FAILED QC,200,0,1005,0,,,
ENSP00000347104,HDAC2,-0.0192,ENSG00000196591,0.0517,8029,1,1467,1,,,
ENSP00000253024,TRIM28,-0.0187,ENSG00000130726,0.0431,217,0,2508,0,,,
ENSP00000209875,CBX5,-0.0187,ENSG00000094916,-0.3508,9915,3,576,0,,,
ENSP00000264142,TPR,-0.0185,ENSG00000047410,0.2394,141,0,7050,1,,,
ENSP00000293831,EIF4A1,-0.0177,ENSG00000161960,0.2672,519,0,1221,0,,,
ENSP00000337632,N/A,-0.0157,ENSG00000135392,NOT MAPPED,N/A,N/A,2109,1,,,
ENSP00000302919,N/A,-0.0154,ENSG00000139613,0.0342,1323,1,3645,1,,,
ENSP00000319240,N/A,-0.0152,ENSG00000111196,0.0217,2080,0,447,0,,,
ENSP00000228318,SLC25A3,-0.0148,ENSG00000075415,0.1045,4848,1,1089,0,,,
ENSP00000313490,PFAS,-0.0143,ENSG00000178921,-0.0506,8858,4,4017,0,,,
ENSP00000255120,NASP,-0.0137,ENSG00000132780,-0.0470,751,0,2373,1,,,
ENSP00000349259,SPTBN1,-0.0135,ENSG00000115306,-0.2380,2834,0,7095,0,,,
ENSP00000264221,PAICS,-0.0134,ENSG00000128050,-0.3192,4909,2,1356,2,,,
ENSP00000261210,N/A,-0.0129,ENSG00000120802,0.1257,1284,0,2085,0,,,
ENSP00000268182,IQGAP1,-0.0119,ENSG00000140575,-0.0951,2129,0,4974,0,,,
ENSP00000265264,N/A,-0.0112,ENSG00000114391,FAILED QC,929,0,474,0,,,
ENSP00000297818,HNRPK,-0.0108,ENSG00000165119,0.0067,N/A,N/A,N/A,N/A,,,
ENSP00000299229,API5,-0.0108,ENSG00000166181,-0.0013,2014,2,1581,2,,,
ENSP00000301071,N/A,-0.0100,ENSG00000167552,-0.1076,208,0,1356,0,,,
ENSP00000352501,RANGAP1,-0.0087,ENSG00000100401,0.0762,991,0,1872,0,,,
ENSP00000286788,CCT8,-0.0086,ENSG00000156261,FAILED QC,676,0,1653,0,,,
ENSP00000283131,SMARCA5,-0.0085,ENSG00000153147,0.0957,3701,2,3159,2,,,
ENSP00000349740,S100A6,-0.0084,ENSG00000197956,0.0414,96,0,273,0,,,
ENSP00000266051,KIAA0690,-0.0083,ENSG00000052749,0.1599,392,0,3894,0,,,
ENSP00000299198,CKB,-0.0082,ENSG00000166165,-0.0197,352,0,1146,0,,,
ENSP00000348706,HIST1H2BG,-0.0075,ENSG00000197697,-0.1243,N/A,N/A,381,0,,,
ENSP00000227524,N/A,-0.0069,ENSG00000110107,0.4834,440,0,1515,1,,,
ENSP00000288682,HADHA,-0.0047,ENSG00000084754,-0.0486,707,0,2292,0,,,
ENSP00000253452,COX4I1,-0.0045,ENSG00000131143,-0.0400,124,0,510,0,,,
ENSP00000215793,SF3A1,-0.0043,ENSG00000099995,0.0879,2604,2,2382,0,,,
ENSP00000224237,VIM,-0.0041,ENSG00000026025,0.4492,741,0,1401,0,,,
ENSP00000320295,TUBB3,-0.0031,ENSG00000198211,-0.2098,286,0,2394,0,,,
ENSP00000262746,PRDX1,-0.0027,ENSG00000117450,-0.0788,1144,1,600,1,,,
ENSP00000301072,N/A,-0.0024,ENSG00000167553,NOT MAPPED,103,0,1350,0,,,
ENSP00000201886,N/A,-0.0022,ENSG00000088247,-0.1423,1002,1,2136,0,,,
ENSP00000263532,SFPQ,-0.0020,ENSG00000116560,FAILED QC,1632,0,2124,0,,,
ENSP00000262982,CSE1L,-0.0005,ENSG00000124207,-0.1881,29645,4,2916,1,,,
ENSP00000244776,DEK,0.0001,ENSG00000124795,-0.0764,1537,0,1128,0,,,
ENSP00000299218,N/A,0.0002,ENSG00000111530,-0.56873,9057,4,3693,3,,,
ENSP00000348587,N/A,0.0003,ENSG00000166197,0.1546,1555,0,2130,1,,,
ENSP00000333667,SHMT2,0.0007,ENSG00000182199,-0.1310,572,0,1515,0,,,
ENSP00000298087,NONO,0.0012,ENSG00000147140,FAILED QC,N/A,N/A,1416,0,,,
ENSP00000310668,N/A,0.0029,ENSG00000102900,0.0876,5676,0,2460,0,,,
ENSP00000348345,HNRPF,0.0033,ENSG00000169813,0.1345,1016,0,1248,0,,,
ENSP00000354403,H2BFS,0.0037,ENSG00000197597,NOT MAPPED,N/A,N/A,381,0,,,
ENSP00000196551,RPS5,0.0051,ENSG00000083845,0.0154,N/A,N/A,615,0,,,
ENSP00000314491,N/A,0.0052,ENSG00000087087,-0.0139,477,0,2655,1,,,
ENSP00000262414,N/A,0.0053,ENSG00000108883,-0.0641,986,1,2919,0,,,
ENSP00000335321,SF3B1,0.0057,ENSG00000115524,-0.2360,2386,3,3915,1,,,
ENSP00000317123,ASCC3L1,0.0063,ENSG00000144028,NOT MAPPED,673,0,6411,1,,,
ENSP00000303147,MAT2A,0.0063,ENSG00000168906,-0.0040,1547,1,1188,1,,,
ENSP00000220971,EEF1D,0.0065,ENSG00000104529,0.0679,N/A,N/A,1944,0,,,
ENSP00000258962,SFRS1,0.0066,ENSG00000136450,0.0916,8817,5,747,0,,,
ENSP00000306330,YWHAG,0.0068,ENSG00000170027,0.2205,2777,0,744,0,,,
ENSP00000257767,SYNCRIP,0.0078,ENSG00000135316,-0.0060,N/A,N/A,N/A,N/A,,,
ENSP00000354720,CSPG6,0.0080,ENSG00000108055,0.3550,1741,0,3657,0,,,
ENSP00000342434,BAZ1B,0.0081,ENSG00000009954,-0.0868,1787,1,4452,1,,,
ENSP00000217182,EEF1A2,0.0081,ENSG00000101210,-0.0938,283,0,1392,0,,,
ENSP00000269349,DDX48,0.0082,ENSG00000141543,-0.0503,304,0,1236,0,,,
ENSP00000350698,DDX47,0.0090,ENSG00000178878,-0.2297,398,0,1368,3,,,
ENSP00000266079,N/A,0.0095,ENSG00000101161,-0.2591,104,0,2826,1,,,
ENSP00000307705,HIST1H1E,0.0096,ENSG00000168298,-0.2803,546,0,660,0,,,
ENSP00000310226,RAB1B,0.0099,ENSG00000174903,NOT MAPPED,364,0,606,0,,,
ENSP00000318697,TUBB6,0.0118,ENSG00000176014,NOT MAPPED,437,0,1341,0,,,
ENSP00000320187,ALDOA,0.0122,ENSG00000149925,FAILED QC,690,0,1095,0,,,
ENSP00000352529,HNRPAB,0.0128,ENSG00000197451,0.3012,558,0,984,0,,,
ENSP00000242776,DDX39,0.0130,ENSG00000123136,0.1272,N/A,N/A,1284,1,,,
ENSP00000302572,N/A,0.0133,ENSG00000113648,-0.1031,595,0,1119,0,,,
ENSP00000266732,TMPO,0.0135,ENSG00000120802,0.1257,N/A,N/A,N/A,N/A,,,
ENSP00000163282,N/A,0.0138,ENSG00000065978,-0.7139,1622,0,975,0,,,
ENSP00000263920,N/A,0.0140,ENSG00000115875,-0.1532,5718,1,717,0,,,
ENSP00000296511,ANXA5,0.0149,ENSG00000164111,0.2744,854,0,963,0,,,
ENSP00000301740,SRRM2,0.0161,ENSG00000167978,0.2254,539,0,8259,2,,,
ENSP00000346676,HIST3H2BB,0.0179,ENSG00000197435,NOT MAPPED,5343,2,381,0,,,
ENSP00000322376,N/A,0.0187,ENSG00000163714,NOT MAPPED,8410,2,3090,1,,,
ENSP00000338074,CACYBP,0.0200,ENSG00000116161,-0.0461,720,0,687,0,,,
ENSP00000290299,ATP5O,0.0211,ENSG00000159186,0.0701,9010,3,642,0,,,
ENSP00000328690,DDX24,0.0214,ENSG00000089737,0.0004,268,0,2580,0,,,
ENSP00000239887,N/A,0.0219,ENSG00000120694,FAILED QC,2294,1,2577,0,,,
ENSP00000277994,MKI67,0.0230,ENSG00000148773,0.1511,2527,2,9771,1,,,
ENSP00000308405,H2AFV,0.0240,ENSG00000105968,0.2328,2362,0,387,0,,,
ENSP00000298510,PRDX3,0.0249,ENSG00000165672,0.1947,759,0,771,1,,,
ENSP00000346512,SPTAN1,0.0250,ENSG00000197694,-0.0656,6964,1,7443,0,,,
ENSP00000302944,N/A,0.0252,ENSG00000152795,-0.1195,3489,0,1263,0,,,
ENSP00000263141,EIF3S10,0.0260,ENSG00000107581,0.1358,2365,0,4149,0,,,
ENSP00000264173,N/A,0.0261,ENSG00000119285,0.2098,890,0,6435,4,,,
ENSP00000322439,TUFM,0.0268,ENSG00000178952,-0.4051,187,0,1368,0,,,
ENSP00000340585,GDI2,0.0277,ENSG00000057608,FAILED QC,782,0,1338,0,,,
ENSP00000336702,EIF5A,0.0278,ENSG00000132507,-0.0357,812,0,555,0,,,
ENSP00000307940,EEF2,0.0279,ENSG00000167658,FAILED QC,497,0,2577,0,,,
ENSP00000302896,RPS9,0.0292,ENSG00000170889,-0.0932,69,0,585,0,,,
ENSP00000346006,RPS6,0.0297,ENSG00000137154,0.0290,37,0,750,1,,,
ENSP00000322016,N/A,0.0300,ENSG00000179950,NOT MAPPED,175,0,1677,0,,,
ENSP00000257829,N/A,0.0304,ENSG00000135372,NOT MAPPED,714,1,3078,1,,,
ENSP00000310870,DDX3X,0.0312,ENSG00000124487,0.2567,16751,4,1989,1,,,
ENSP00000253788,RPL27,0.0312,ENSG00000131469,FAILED QC,31,0,411,0,,,
ENSP00000262056,EIF4B,0.0316,ENSG00000063046,-0.2103,2733,0,1836,0,,,
ENSP00000303043,KARS,0.0322,ENSG00000065427,FAILED QC,256,0,1878,1,,,
ENSP00000005593,SLC25A5,0.0342,ENSG00000005022,0.0088,436,0,897,0,,,
ENSP00000296702,TCERG1,0.0354,ENSG00000113649,0.3392,864,0,3297,0,,,
ENSP00000230640,SKIV2L2,0.0357,ENSG00000039123,NOT MAPPED,805,0,3129,1,,,
ENSP00000348546,RAB1A,0.0375,ENSG00000138069,-0.0629,1638,0,618,0,,,
ENSP00000283195,RANBP2,0.0376,ENSG00000153201,0.0727,1906,1,9675,0,,,
ENSP00000347336 ,N/A,0.0386,ENSG00000121774,-0.3118,21058,7,1332,0,,,
ENSP00000244020,SFRS6,0.0410,ENSG00000124193,-0.1128,3182,2,1035,0,,,
ENSP00000338720,SNRPB,0.0412,ENSG00000125835,-0.2201,113,0,861,0,,,
ENSP00000251453,RPS16,0.0417,ENSG00000105193,FAILED QC,134,0,441,0,,,
ENSP00000293233,SFRS2,0.0450,ENSG00000161547,-0.0659,2044,1,666,0,,,
ENSP00000248437,TUBA1,0.0461,ENSG00000127824,NOT MAPPED,504,0,1347,0,,,
ENSP00000286398,SMC2L1,0.0465,ENSG00000136824,0.0193,2102,0,3588,0,,,
ENSP00000247376,HNRPH2,0.0465,ENSG00000126945,0.1539,7452,1,1350,0,,,
ENSP00000221784,PDCD5,0.0477,ENSG00000105185,FAILED QC,151,0,378,0,,,
ENSP00000323421,SMC1L1,0.0500,ENSG00000072501,-0.0434,5952,0,3702,1,,,
ENSP00000306362,TBCA,0.0501,ENSG00000171530,-0.0912,1322,0,327,0,,,
ENSP00000335084,PPP1CC,0.0512,ENSG00000186298,0.1028,61,0,1014,0,,,
ENSP00000339566,HIST1H1C,0.0528,ENSG00000187837,0.2805,1027,2,642,0,,,
ENSP00000349435,RPL3,0.0530,ENSG00000100316,FAILED QC,112,0,1212,0,,,
ENSP00000277806,DDX21,0.0531,ENSG00000165732,0.3239,2460,0,2352,2,,,
ENSP00000329243,KRT7,0.0533,ENSG00000135480,-0.2579,3425,2,1410,0,,,
ENSP00000307863,U2AF2,0.0535,ENSG00000063244,-0.1100,646,0,1428,0,,,
ENSP00000221448,SNRP70,0.0552,ENSG00000104852,0.0233,168,0,1314,0,,,
ENSP00000346762,N/A,0.0556,ENSG00000197157,-0.0134,7307,3,2733,1,,,
ENSP00000228652,KRT18,0.0559,ENSG00000111057,FAILED QC,N/A,N/A,1314,0,,,
ENSP00000278073,PDCD11,0.0560,ENSG00000148843,0.2039,743,0,5616,0,,,
ENSP00000352961,N/A,0.0568,ENSG00000198406,NOT MAPPED,87,0,444,0,,,
ENSP00000238339,RAB14,0.0575,ENSG00000119396,-0.1663,3258,2,648,0,,,
ENSP00000350217 ,N/A,0.0595,ENSG00000131747,NOT MAPPED,992,0,4830,2,,,
ENSP00000309166,N/A,0.0597,ENSG00000173933,0.0581,8899,3,1098,0,,,
ENSP00000347897,RSL1D1,0.0604,ENSG00000171490,NOT MAPPED,9202,3,1551,0,,,
ENSP00000263694,N/A,0.0624,ENSG00000060688,-0.2071,371,0,1074,0,,,
ENSP00000265062,RAB7,0.0633,ENSG00000075785,-0.1722,4827,0,624,1,,,
ENSP00000304350,PRPF8,0.0639,ENSG00000174231,-0.1043,138,0,7008,5,,,
ENSP00000339633,DDX27,0.0648,ENSG00000124228,-0.0715,1970,0,2391,0,,,
ENSP00000267950,ETFA,0.0659,ENSG00000140374,-0.0881,1205,0,1002,0,,,
ENSP00000227378,HSPA8,0.0684,ENSG00000109971,0.0522,241,0,1941,1,,,
ENSP00000216520,ERH,0.0687,ENSG00000100632,-0.2807,7163,0,315,0,,,
ENSP00000168216,HADH2,0.0699,ENSG00000072506,-0.0700,342,0,786,1,,,
ENSP00000231498,NUP155,0.0702,ENSG00000113569,-0.1610,5464,3,4176,1,,,
ENSP00000349168,HNRPH1,0.0704,ENSG00000169045,FAILED QC,2256,1,1419,0,,,
ENSP00000246957,TRAP1,0.0707,ENSG00000126602,-0.0961,91,0,2115,1,,,
ENSP00000338862,N/A,0.0712,ENSG00000113460,0.2158,1125,0,1062,0,,,
ENSP00000343809,N/A,0.0718,ENSG00000172270,-0.1080,908,0,1158,0,,,
ENSP00000297185,HSPA9B,0.0739,ENSG00000113013,0.0678,1930,0,2040,0,,,
ENSP00000310687,LMNA,0.0741,ENSG00000160789,-0.0401,N/A,N/A,N/A,N/A,,,
ENSP00000351005,STMN1,0.0746,ENSG00000117632,-0.0380,895,0,450,0,,,
ENSP00000254718,MYBBP1A,0.0749,ENSG00000132382,0.1350,509,1,3987,0,,,
ENSP00000229239,N/A,0.0758,ENSG00000111640,FAILED QC,245,0,1008,0,,,
ENSP00000319690 ,HNRPC,0.0763,ENSG00000092199,-0.1162,8270,0,882,0,,,
ENSP00000310700,DHX9,0.0763,ENSG00000135829,-0.1387,837,0,3521,0,,,
ENSP00000349508,CHD4,0.0778,ENSG00000111642,-0.0767,1436,0,5814,1,,,
ENSP00000306222,SLC25A6,0.0803,ENSG00000169100,FAILED QC,1916,1,897,0,,,
ENSP00000261313,PBP,0.0825,ENSG00000089220,FAILED QC,778,0,564,0,,,
ENSP00000348580,RPS26,0.0838,ENSG00000196656,FAILED QC,N/A,N/A,348,0,,,
ENSP00000325223,TCOF1,0.0847,ENSG00000070814,-0.0364,2866,2,4236,0,,,
ENSP00000216281 ,HSPCA,0.0865,ENSG00000080824,FAILED QC,1925,1,2199,1,,,
ENSP00000265414,CDC5L,0.0891,ENSG00000096401,-0.3829,4094,0,2409,0,,,
ENSP00000271095,HDAC1,0.0908,ENSG00000116478,-0.0004,580,0,1449,0,,,
ENSP00000313199,HNRPD,0.0923,ENSG00000138668,-0.0196,10457,1,1068,0,,,
ENSP00000293422,N/A,0.0952,ENSG00000092841,FAILED QC,158,0,456,0,,,
ENSP00000236900,RPS25,0.0959,ENSG00000118181,FAILED QC,130,0,378,0,,,
ENSP00000310723,DDX23,0.0962,ENSG00000174243,-0.2195,703,0,2463,0,,,
ENSP00000307786,CYCS,0.0966,ENSG00000172115,0.2945,10151,1,318,0,,,
ENSP00000221975,RPS19,0.0971,ENSG00000105372,FAILED QC,1546,0,438,0,,,
ENSP00000351851,N/A,0.0979,ENSG00000137497,-0.0189,662,0,6348,1,,,
ENSP00000331679,RBBP7,0.0995,ENSG00000102054,FAILED QC,5752,3,1278,0,,,
ENSP00000259791,HIST1H2AB,0.0995,ENSG00000137259,-0.2488,66,0,393,0,,,
ENSP00000272317,RPS27A,0.1024,ENSG00000143947,FAILED QC,295,0,471,0,,,
ENSP00000354040,GTPBP4,0.1033,ENSG00000107937,0.3900,539,0,1974,0,,,
ENSP00000337518,FTSJ3,0.1062,ENSG00000108592,0.0644,367,0,2544,0,,,
ENSP00000294520,RBBP4,0.1068,ENSG00000162521,-0.1191,945,0,1278,1,,,
ENSP00000236051,EBNA1BP2,0.1079,ENSG00000117395,-0.0483,258,0,921,0,,,
ENSP00000246194,RALY,0.1229,ENSG00000125970,-0.0914,4234,3,921,0,,,
ENSP00000301540,MYL6,0.1244,ENSG00000092841,FAILED QC,N/A,N/A,N/A,N/A,,,
ENSP00000296122,PPP1CB,0.1259,ENSG00000163806,-0.1981,3774,0,984,0,,,
ENSP00000260665,N/A,0.1270,ENSG00000138095,0.2751,2376,1,4209,2,,,
ENSP00000301522,PRDX2,0.1270,ENSG00000167815,-0.2423,258,0,597,0,,,
ENSP00000332790,HIST2H2AB,0.1318,ENSG00000184270,NOT MAPPED,N/A,N/A,393,0,,,
ENSP00000303427,N/A,0.1346,ENSG00000121892,NOT MAPPED,9801,2,3909,1,,,
ENSP00000265304,SSBP1,0.1403,ENSG00000106028,0.0211,102,0,447,0,,,
ENSP00000325376,HNRPM,0.1505,ENSG00000099783,FAILED QC,255,0,2193,0,,,
ENSP00000332682,HIST1H2AH,0.1519,ENSG00000184825,NOT MAPPED,50,0,387,0,,,
ENSP00000216019,DDX17,0.1700,ENSG00000100201,0.0406,2495,1,2190,0,,,
ENSP00000261637,N/A,0.1855,ENSG00000120800,0.1567,461,0,8358,3,,,
ENSP00000307288,MCM7,0.2034,ENSG00000166508,-0.0629,203,0,2160,0,,,
ENSP00000260641,ACTR2,0.2120,ENSG00000138071,0.1360,2237,1,1185,0,,,
,,,,,,,,,,,
,,,,,,,,,,,
,,,,,,,,,,,
,,,,,,,,,,,
,,,,,,,,,,,
,,,,,,,,,,,
,,,,,,,,,,,
,,,,,,,,,,,
,,,,,,,,,,,
,,,,,,,,,,,
,,,,,,,,,,,
,,,,,,,,,,,
,,,,,,,,,,,
,,,,,,,,,,,
,,,,,,,,,,,
,,,,,,,,,,,
,,,,,,,,,,,
,,,,,,,,,,,
,,,,,,,,,,,
,,,,,,,,,,,
,,,,,,,,,,,
,,,,,,,,,,,
,,,,,,,,,,,
,,,,,,,,,,,
,,,,,,,,,,,
,,,,,,,,,,,
,,,,,,,,,,,
,,,,,,,,,,,
,,,,,,,,,,,
,,,,,,,,,,,
,,,,,,,,,,,
,,,,,,,,,,,
,,,,,,,,,,,
,,,,,,,,,,,
,,,,,,,,,,,
,,,,,,,,,,,
,,,,,,,,,,,
,,,,,,,,,,,
,,,,,,,,,,,
,,,,,,,,,,,
,,,,,,,,,,,
,,,,,,,,,,,
,,,,,,,,,,,
,,,,,,,,,,,
,,,,,,,,,,,
,,,,,,,,,,,
,,,,,,,,,,,
,,,,,,,,,,,
,,,,,,,,,,,
,,,,,,,,,,,
,,,,,,,,,,,
,,,,,,,,,,,
,,,,,,,,,,,
,,,,,,,,,,,
,,,,,,,,,,,
,,,,,,,,,,,
,,,,,,,,,,,
,,,,,,,,,,,
,,,,,,,,,,,
,,,,,,,,,,,
,,,,,,,,,,,
,,,,,,,,,,,
,,,,,,,,,,,
,,,,,,,,,,,
,,,,,,,,,,,
,,,,,,,,,,,
,,,,,,,,,,,
,,,,,,,,,,,
,,,,,,,,,,,
,,,,,,,,,,,
,,,,,,,,,,,
,,,,,,,,,,,
,,,,,,,,,,,
,,,,,,,,,,,
,,,,,,,,,,,
,,,,,,,,,,,
,,,,,,,,,,,
,,,,,,,,,,,
,,,,,,,,,,,
,,,,,,,,,,,
,,,,,,,,,,,
,,,,,,,,,,,
,,,,,,,,,,,
,,,,,,,,,,,
,,,,,,,,,,,
,,,,,,,,,,,
,,,,,,,,,,,
,,,,,,,,,,,
,,,,,,,,,,,
,,,,,,,,,,,
,,,,,,,,,,,
,,,,,,,,,,,
,,,,,,,,,,,
,,,,,,,,,,,
,,,,,,,,,,,
,,,,,,,,,,,
,,,,,,,,,,,
,,,,,,,,,,,
,,,,,,,,,,,
,,,,,,,,,,,
,,,,,,,,,,,
,,,,,,,,,,,
,,,,,,,,,,,
,,,,,,,,,,,
,,,,,,,,,,,
,,,,,,,,,,,
,,,,,,,,,,,
,,,,,,,,,,,
,,,,,,,,,,,
,,,,,,,,,,,
,,,,,,,,,,,
,,,,,,,,,,,
,,,,,,,,,,,
,,,,,,,,,,,
,,,,,,,,,,,
,,,,,,,,,,,
,,,,,,,,,,,
,,,,,,,,,,,
,,,,,,,,,,,
,,,,,,,,,,,
,,,,,,,,,,,
,,,,,,,,,,,
,,,,,,,,,,,
,,,,,,,,,,,
,,,,,,,,,,,
,,,,,,,,,,,
,,,,,,,,,,,
,,,,,,,,,,,
,,,,,,,,,,,
,,,,,,,,,,,
,,,,,,,,,,,
,,,,,,,,,,,
,,,,,,,,,,,
,,,,,,,,,,,
,,,,,,,,,,,
,,,,,,,,,,,
,,,,,,,,,,,
,,,,,,,,,,,
,,,,,,,,,,,
,,,,,,,,,,,
,,,,,,,,,,,
,,,,,,,,,,,
,,,,,,,,,,,
,,,,,,,,,,,
,,,,,,,,,,,
,,,,,,,,,,,
,,,,,,,,,,,
,,,,,,,,,,,
,,,,,,,,,,,
,,,,,,,,,,,
,,,,,,,,,,,
,,,,,,,,,,,
,,,,,,,,,,,
,,,,,,,,,,,
,,,,,,,,,,,
,,,,,,,,,,,
,,,,,,,,,,,
,,,,,,,,,,,
,,,,,,,,,,,
,,,,,,,,,,,
,,,,,,,,,,,
,,,,,,,,,,,
,,,,,,,,,,,
,,,,,,,,,,,
,,,,,,,,,,,
,,,,,,,,,,,
,,,,,,,,,,,
,,,,,,,,,,,
,,,,,,,,,,,
,,,,,,,,,,,
,,,,,,,,,,,
,,,,,,,,,,,
,,,,,,,,,,,
